{
  "title": "雑多",
  "closed": false,
  "archived": false,
  "created_at": "2023-01-01",
  "comments": [
    {
      "author": "1s22s1",
      "created_at": "2023-01-01",
      "body_markdown": "## 日毎の新規登録ユーザー数をカウントする\n\n```sql\nSELECT\n    count(id) AS 新規登録ユーザー数,\n    date_format(created_at, '%Y-%m-%d') as string_date\nfrom\n    users\ngroup by\n    string_date\n;\n```\n\n"
    },
    {
      "author": "1s22s1",
      "created_at": "2023-01-02",
      "body_markdown": "https://qiita.com/SatoshiTerasaki/items/3c7fcee3a5716b763372"
    },
    {
      "author": "1s22s1",
      "created_at": "2023-01-02",
      "body_markdown": "今どきは`juliaup`がおすすめらしい。\n\nhttps://github.com/JuliaLang/juliaup"
    },
    {
      "author": "1s22s1",
      "created_at": "2023-01-02",
      "body_markdown": "` \\pi` + tabで`π`を入力できる。"
    },
    {
      "author": "1s22s1",
      "created_at": "2023-01-02",
      "body_markdown": "https://github.com/JuliaPlots/UnicodePlots.jl"
    },
    {
      "author": "1s22s1",
      "created_at": "2023-01-02",
      "body_markdown": "`;`でシェルに入れる。"
    },
    {
      "author": "1s22s1",
      "created_at": "2023-01-02",
      "body_markdown": "https://qiita.com/SatoshiTerasaki/items/2b81ccd9fb515e4ddc7d"
    }
  ]
}