{
  "title": "雑多",
  "closed": false,
  "archived": false,
  "created_at": "2023-01-01",
  "comments": [
    {
      "author": "1s22s1",
      "created_at": "2023-01-01",
      "body_markdown": "## 日毎の新規登録ユーザー数をカウントする\n\n```sql\nSELECT\n    count(id) AS 新規登録ユーザー数,\n    date_format(created_at, '%Y-%m-%d') as string_date\nfrom\n    users\ngroup by\n    string_date\n;\n```\n\n"
    },
    {
      "author": "1s22s1",
      "created_at": "2023-01-02",
      "body_markdown": "https://qiita.com/SatoshiTerasaki/items/3c7fcee3a5716b763372"
    },
    {
      "author": "1s22s1",
      "created_at": "2023-01-02",
      "body_markdown": "今どきは`juliaup`がおすすめらしい。\n\nhttps://github.com/JuliaLang/juliaup"
    },
    {
      "author": "1s22s1",
      "created_at": "2023-01-02",
      "body_markdown": "` \\pi` + tabで`π`を入力できる。"
    },
    {
      "author": "1s22s1",
      "created_at": "2023-01-02",
      "body_markdown": "https://github.com/JuliaPlots/UnicodePlots.jl"
    },
    {
      "author": "1s22s1",
      "created_at": "2023-01-02",
      "body_markdown": "`;`でシェルに入れる。"
    },
    {
      "author": "1s22s1",
      "created_at": "2023-01-02",
      "body_markdown": "https://qiita.com/SatoshiTerasaki/items/2b81ccd9fb515e4ddc7d"
    },
    {
      "author": "1s22s1",
      "created_at": "2023-01-06",
      "body_markdown": "https://twitter.com/sshimo_/status/1610979062822080512"
    },
    {
      "author": "1s22s1",
      "created_at": "2023-01-06",
      "body_markdown": "${1 \\over 2}$"
    },
    {
      "author": "1s22s1",
      "created_at": "2023-01-06",
      "body_markdown": "書けた！！"
    },
    {
      "author": "1s22s1",
      "created_at": "2023-01-07",
      "body_markdown": "https://twitter.com/t33f/status/1610596676615671813"
    },
    {
      "author": "1s22s1",
      "created_at": "2023-01-07",
      "body_markdown": "https://twitter.com/subarusatosi/status/1393498728141443075"
    },
    {
      "author": "1s22s1",
      "created_at": "2023-01-07",
      "body_markdown": "この辺りを、後で考える"
    },
    {
      "author": "1s22s1",
      "created_at": "2023-01-08",
      "body_markdown": "http://kojiki.kokugakuin.ac.jp/"
    },
    {
      "author": "1s22s1",
      "created_at": "2023-01-08",
      "body_markdown": "`console.table`を使うと、表示が見やすくなる。\n\n![](https://storage.googleapis.com/zenn-user-upload/f962e9806478-20230108.png)\n"
    },
    {
      "author": "1s22s1",
      "created_at": "2023-01-09",
      "body_markdown": "https://twitter.com/JMSDF_PAO/status/1609693452844793857\n\nワンピースみたい。"
    },
    {
      "author": "1s22s1",
      "created_at": "2023-01-09",
      "body_markdown": "https://twitter.com/nagatotagan/status/1611792355597905921"
    },
    {
      "author": "1s22s1",
      "created_at": "2023-01-09",
      "body_markdown": "私も久方ぶりに角川短歌に応募しようかなぁ〜。\n\nhttps://twitter.com/tenma_dalai/status/1611936604314308608"
    },
    {
      "author": "1s22s1",
      "created_at": "2023-01-09",
      "body_markdown": "数学学習の第二ステージとして挑戦する。\n\nhttps://twitter.com/furupara_yt/status/1611764300699545600"
    },
    {
      "author": "1s22s1",
      "created_at": "2023-01-11",
      "body_markdown": "貴重な資料。\n\nhttps://irdb.nii.ac.jp/00840/0004582406"
    },
    {
      "author": "1s22s1",
      "created_at": "2023-01-13",
      "body_markdown": "https://zenn.dev/kumavale/articles/531c0548795e24"
    },
    {
      "author": "1s22s1",
      "created_at": "2023-01-15",
      "body_markdown": "https://twitter.com/cho3li4/status/1614231308234022917?s=20&t=Ze3EAEtePzYRhchkQJjJMg"
    },
    {
      "author": "1s22s1",
      "created_at": "2023-01-15",
      "body_markdown": "https://records.dodgson.org/2022/12/29/remote-and-vegan/"
    },
    {
      "author": "1s22s1",
      "created_at": "2023-01-15",
      "body_markdown": "https://www.pochi.cc/~sasaki/chalow/2021-03-02.html"
    },
    {
      "author": "1s22s1",
      "created_at": "2023-01-15",
      "body_markdown": "http://www.aoky.net/articles/steve_yegge/good_agile_bad_agile.htm"
    },
    {
      "author": "1s22s1",
      "created_at": "2023-01-15",
      "body_markdown": "http://www.aoky.net/articles/steve_yegge/egomania_itself.htm"
    },
    {
      "author": "1s22s1",
      "created_at": "2023-01-15",
      "body_markdown": "https://ja.wikipedia.org/wiki/%E7%95%B0%E4%B8%96%E7%95%8C%E3%81%8A%E3%81%98%E3%81%95%E3%82%93\n\nのアニメを全部見てみた。"
    },
    {
      "author": "1s22s1",
      "created_at": "2023-01-16",
      "body_markdown": "https://bn.dodgson.org/bn/2007/11/03/"
    },
    {
      "author": "1s22s1",
      "created_at": "2023-01-16",
      "body_markdown": "https://yigarashi.hatenablog.com/entry/2022/08/25/093000"
    },
    {
      "author": "1s22s1",
      "created_at": "2023-01-17",
      "body_markdown": "https://www.youtube.com/watch?v=JjtQFs51QvY\n\nを現場のアジャイルコーチに勧められたので、見てみた。話題作りですよ。。。"
    },
    {
      "author": "1s22s1",
      "created_at": "2023-01-17",
      "body_markdown": "https://twitter.com/mr_bay_area/status/1614905069471956993"
    },
    {
      "author": "1s22s1",
      "created_at": "2023-01-17",
      "body_markdown": "https://twitter.com/cicada3301_kig/status/1614662286270160897"
    },
    {
      "author": "1s22s1",
      "created_at": "2023-01-17",
      "body_markdown": "https://twitter.com/masageophysics/status/1615281696383062018"
    },
    {
      "author": "1s22s1",
      "created_at": "2023-01-17",
      "body_markdown": "https://twitter.com/oinori1197/status/1615325066572750848"
    },
    {
      "author": "1s22s1",
      "created_at": "2023-01-17",
      "body_markdown": "https://camp-fire.jp/projects/view/640033?utm_source=twitter&utm_medium=social&utm_campaign=tw_share_c_msg_projects_show"
    },
    {
      "author": "1s22s1",
      "created_at": "2023-01-18",
      "body_markdown": "https://zenn.dev/shin_semiya/articles/088fb1e8025e50"
    },
    {
      "author": "1s22s1",
      "created_at": "2023-01-18",
      "body_markdown": "https://zenn.dev/shin_semiya/articles/d22d1c6f76f4d6"
    },
    {
      "author": "1s22s1",
      "created_at": "2023-01-18",
      "body_markdown": "https://zenn.dev/shin_semiya/articles/8dda688bf14d52"
    },
    {
      "author": "1s22s1",
      "created_at": "2023-01-18",
      "body_markdown": "技術ブログをプライベートの時間で、やらせて頂いたことはあるな〜"
    },
    {
      "author": "1s22s1",
      "created_at": "2023-01-18",
      "body_markdown": "https://qiita.com/shts/items/99c36c4b84c3d63e7f19"
    },
    {
      "author": "1s22s1",
      "created_at": "2023-01-18",
      "body_markdown": "https://developer.mozilla.org/en-US/docs/Web/JavaScript/Reference/Global_Objects/Array/sort"
    },
    {
      "author": "1s22s1",
      "created_at": "2023-01-19",
      "body_markdown": "https://jsprimer.net/"
    }
  ]
}