{
  "title": "アルゴ式の忘備録",
  "closed": false,
  "archived": false,
  "created_at": "2023-01-01",
  "comments": [
    {
      "author": "1s22s1",
      "created_at": "2023-01-01",
      "body_markdown": "## 最大値を取得する\n\n```javascript\narray = [2, 3, 5];\nMath.max(...array);\n```"
    },
    {
      "author": "1s22s1",
      "created_at": "2023-01-01",
      "body_markdown": "## 1から10までの数字を含む配列を作成する\n\n```javascript\n[...Array(N).keys()].map(n => ++n)\n```\n\n`n++`とすると想定通りに動かないことに注意！！"
    },
    {
      "author": "1s22s1",
      "created_at": "2023-01-01",
      "body_markdown": "## 文字数での一致\n\n```sql\nSELECT * FROM prefectures WHERE name LIKE '___';\n```\n\nとするとnameが3文字の都道府県を抽出する。"
    },
    {
      "author": "1s22s1",
      "created_at": "2023-01-01",
      "body_markdown": "## ASで名前をつけたカラムで並び替える\n\n```sql\nSELECT population / area AS '人口密度' FROM prefectures\nORDER BY `人口密度`;\n```\n「'」ではなく「`」を使う必要がある。\n\ncf. https://techblog.recochoku.jp/2723"
    },
    {
      "author": "1s22s1",
      "created_at": "2023-01-01",
      "body_markdown": "## 配列から重複を除く\n\n```javascript\n[...new Set(['a', 'i', 'd', 'a'])]\n```\n"
    },
    {
      "author": "1s22s1",
      "created_at": "2023-01-01",
      "body_markdown": "## 回分数であるか判定する\n\n```javascript\nfunction isPalindrome(number) {\n    const stringNumber = String(number);\n    const stringReverseNumber = stringNumber.split(\"\").reverse().join(\"\")\n\n    return stringNumber == stringReverseNumber\n}\n```"
    },
    {
      "author": "1s22s1",
      "created_at": "2023-01-02",
      "body_markdown": "## 文字列展開をする\n\n```javascript\nconsole.log(`(x, y) = (${x}, ${y})`);\n```"
    },
    {
      "author": "1s22s1",
      "created_at": "2023-01-02",
      "body_markdown": "明日以降に https://algo-method.com/tasks/1021 を再度解き直す。"
    },
    {
      "author": "1s22s1",
      "created_at": "2023-01-03",
      "body_markdown": "https://qiita.com/chida09/items/d4b33a28b918958f267f"
    },
    {
      "author": "1s22s1",
      "created_at": "2023-01-03",
      "body_markdown": "https://algo-method.com/tasks/1021 を解き直した！！"
    },
    {
      "author": "1s22s1",
      "created_at": "2023-01-04",
      "body_markdown": "統計データ出典の記載方法例\n\nhttps://algo-method.com/tasks/1141/editorial"
    },
    {
      "author": "1s22s1",
      "created_at": "2023-01-08",
      "body_markdown": "JavaScriptで解こうとするとTLEになる。後で、再度挑戦する。\n\nhttps://algo-method.com/submissions/753722"
    },
    {
      "author": "1s22s1",
      "created_at": "2023-01-08",
      "body_markdown": "`Object.freeze()`を使うと、配列も凍らせることが出来る。\n\n![](https://storage.googleapis.com/zenn-user-upload/2b7bbef7a397-20230108.png)\n"
    },
    {
      "author": "1s22s1",
      "created_at": "2023-01-08",
      "body_markdown": "https://algo-method.com/tasks/1028 を解き直す。"
    },
    {
      "author": "1s22s1",
      "created_at": "2023-01-08",
      "body_markdown": "https://algo-method.com/submissions/754484 を後で解く。"
    },
    {
      "author": "1s22s1",
      "created_at": "2023-01-08",
      "body_markdown": "累積和 について最小からやり直す。"
    }
  ]
}