{
  "title": "英語の忘備録(2023/01/26)",
  "closed": true,
  "archived": false,
  "created_at": "2023-01-22",
  "comments": [
    {
      "author": "1s22s1",
      "created_at": "2023-01-24",
      "body_markdown": "https://www.amazon.co.jp/%E4%B8%AD%E5%AD%A6%E8%8B%B1%E8%AA%9E%E3%80%8C%E5%86%8D%E3%80%8D%E5%85%A5%E9%96%80-%E6%97%A5%E6%9C%AC%E8%AA%9E%E3%81%A8%E6%AF%94%E3%81%B9%E3%81%A6%E5%AD%A6%E3%81%B614%E8%AC%9B-%E4%B8%AD%E5%85%AC%E6%96%B0%E6%9B%B8-2684-%E6%BE%A4%E4%BA%95-%E5%BA%B7%E4%BD%91/dp/4121026845"
    },
    {
      "author": "1s22s1",
      "created_at": "2023-01-24",
      "body_markdown": "look afterは「世話をする」という意味。"
    },
    {
      "author": "1s22s1",
      "created_at": "2023-01-26",
      "body_markdown": "英語、あまり好きくないかも。。。"
    }
  ]
}