{
  "title": "アルゴ式の忘備録(2023/01/22)",
  "closed": true,
  "archived": false,
  "created_at": "2023-01-01",
  "comments": [
    {
      "author": "1s22s1",
      "created_at": "2023-01-01",
      "body_markdown": "## 最大値を取得する\n\n```javascript\narray = [2, 3, 5];\nMath.max(...array);\n```"
    },
    {
      "author": "1s22s1",
      "created_at": "2023-01-01",
      "body_markdown": "## 1から10までの数字を含む配列を作成する\n\n```javascript\n[...Array(N).keys()].map(n => ++n)\n```\n\n`n++`とすると想定通りに動かないことに注意！！"
    },
    {
      "author": "1s22s1",
      "created_at": "2023-01-01",
      "body_markdown": "## 文字数での一致\n\n```sql\nSELECT * FROM prefectures WHERE name LIKE '___';\n```\n\nとするとnameが3文字の都道府県を抽出する。"
    },
    {
      "author": "1s22s1",
      "created_at": "2023-01-01",
      "body_markdown": "## ASで名前をつけたカラムで並び替える\n\n```sql\nSELECT population / area AS '人口密度' FROM prefectures\nORDER BY `人口密度`;\n```\n「'」ではなく「`」を使う必要がある。\n\ncf. https://techblog.recochoku.jp/2723"
    },
    {
      "author": "1s22s1",
      "created_at": "2023-01-01",
      "body_markdown": "## 配列から重複を除く\n\n```javascript\n[...new Set(['a', 'i', 'd', 'a'])]\n```\n"
    },
    {
      "author": "1s22s1",
      "created_at": "2023-01-01",
      "body_markdown": "## 回分数であるか判定する\n\n```javascript\nfunction isPalindrome(number) {\n    const stringNumber = String(number);\n    const stringReverseNumber = stringNumber.split(\"\").reverse().join(\"\")\n\n    return stringNumber == stringReverseNumber\n}\n```"
    },
    {
      "author": "1s22s1",
      "created_at": "2023-01-02",
      "body_markdown": "## 文字列展開をする\n\n```javascript\nconsole.log(`(x, y) = (${x}, ${y})`);\n```"
    },
    {
      "author": "1s22s1",
      "created_at": "2023-01-02",
      "body_markdown": "明日以降に https://algo-method.com/tasks/1021 を再度解き直す。"
    },
    {
      "author": "1s22s1",
      "created_at": "2023-01-03",
      "body_markdown": "https://qiita.com/chida09/items/d4b33a28b918958f267f"
    },
    {
      "author": "1s22s1",
      "created_at": "2023-01-03",
      "body_markdown": "https://algo-method.com/tasks/1021 を解き直した！！"
    },
    {
      "author": "1s22s1",
      "created_at": "2023-01-04",
      "body_markdown": "統計データ出典の記載方法例\n\nhttps://algo-method.com/tasks/1141/editorial"
    },
    {
      "author": "1s22s1",
      "created_at": "2023-01-08",
      "body_markdown": "JavaScriptで解こうとするとTLEになる。後で、再度挑戦する。\n\nhttps://algo-method.com/submissions/753722"
    },
    {
      "author": "1s22s1",
      "created_at": "2023-01-08",
      "body_markdown": "`Object.freeze()`を使うと、配列も凍らせることが出来る。\n\n![](https://storage.googleapis.com/zenn-user-upload/2b7bbef7a397-20230108.png)\n"
    },
    {
      "author": "1s22s1",
      "created_at": "2023-01-08",
      "body_markdown": "https://algo-method.com/tasks/1028 を解き直す。"
    },
    {
      "author": "1s22s1",
      "created_at": "2023-01-08",
      "body_markdown": "https://algo-method.com/submissions/754484 を後で解く。"
    },
    {
      "author": "1s22s1",
      "created_at": "2023-01-08",
      "body_markdown": "累積和 について最小からやり直す。"
    },
    {
      "author": "1s22s1",
      "created_at": "2023-01-09",
      "body_markdown": "## 1から10までのキーで、値が0の連想配列を作成する\n\n```javascript\nconst array = [...Array(10).keys()].map(n => ++n);\nconst associative_array = array.map((element) => ({'id': element, 'value': 0}) );\n\nconsole.log(associative_array);\n```\n\n```console\n[\n  { id: 1, value: 0 },\n  { id: 2, value: 0 },\n  { id: 3, value: 0 },\n  { id: 4, value: 0 },\n  { id: 5, value: 0 },\n  { id: 6, value: 0 },\n  { id: 7, value: 0 },\n  { id: 8, value: 0 },\n  { id: 9, value: 0 },\n  { id: 10, value: 0 }\n]\n```"
    },
    {
      "author": "1s22s1",
      "created_at": "2023-01-09",
      "body_markdown": "https://qiita.com/oimo23/items/34b3ade53f63e0b71cbe"
    },
    {
      "author": "1s22s1",
      "created_at": "2023-01-09",
      "body_markdown": "https://algo-method.com/tasks/1029 のlargeをなかなか通せない。。。"
    },
    {
      "author": "1s22s1",
      "created_at": "2023-01-11",
      "body_markdown": "## 文字列を繰り返す方法\n\n![](https://storage.googleapis.com/zenn-user-upload/e15158c35098-20230111.png)\n"
    },
    {
      "author": "1s22s1",
      "created_at": "2023-01-14",
      "body_markdown": "アルコールで体調で悪いが。。。頑張るぞー"
    },
    {
      "author": "1s22s1",
      "created_at": "2023-01-14",
      "body_markdown": "5から10までの数字を含む配列を作成する。\n\n```javascript\n[...Array(6).keys()].map(n => n += 5)\n```"
    },
    {
      "author": "1s22s1",
      "created_at": "2023-01-15",
      "body_markdown": "本日もやって行きます〜"
    },
    {
      "author": "1s22s1",
      "created_at": "2023-01-15",
      "body_markdown": "https://algo-method.com/descriptions/124"
    },
    {
      "author": "1s22s1",
      "created_at": "2023-01-18",
      "body_markdown": "https://developer.mozilla.org/en-US/docs/Web/JavaScript"
    },
    {
      "author": "1s22s1",
      "created_at": "2023-01-20",
      "body_markdown": "本日もやっていきます"
    },
    {
      "author": "1s22s1",
      "created_at": "2023-01-22",
      "body_markdown": "~で、ビット否定出来る。\n\nhttps://developer.mozilla.org/ja/docs/Web/JavaScript/Reference/Operators/Bitwise_NOT"
    },
    {
      "author": "1s22s1",
      "created_at": "2023-01-22",
      "body_markdown": "^で、ビット排他的論理和。\n\nhttps://developer.mozilla.org/ja/docs/Web/JavaScript/Reference/Operators/Bitwise_XOR"
    },
    {
      "author": "1s22s1",
      "created_at": "2023-01-22",
      "body_markdown": "http://www.cc.kyoto-su.ac.jp/~ogihara/lab/"
    },
    {
      "author": "1s22s1",
      "created_at": "2023-01-22",
      "body_markdown": "- ビット bit に i 番目のフラグが立っているかどうか\n- ビット bit に i 番目のフラグが消えているかどうか\n- ビット bit に i 番目のフラグを立てる\n- ビット bit に i 番目のフラグを消す"
    },
    {
      "author": "1s22s1",
      "created_at": "2023-01-22",
      "body_markdown": "全部、実装したっすよ。"
    }
  ]
}