{
  "title": "雑多(2023/01/29)",
  "closed": true,
  "archived": false,
  "created_at": "2023-01-20",
  "comments": [
    {
      "author": "1s22s1",
      "created_at": "2023-01-20",
      "body_markdown": "眠い〜"
    },
    {
      "author": "1s22s1",
      "created_at": "2023-01-21",
      "body_markdown": "https://lycoris-recoil.com/ を見ました。とてもおもしろかったです。"
    },
    {
      "author": "1s22s1",
      "created_at": "2023-01-21",
      "body_markdown": "年末年始、全く休まず働いていました。。。当時の文章をみると、とても間違いが多くすっごく疲れていそうです。"
    },
    {
      "author": "1s22s1",
      "created_at": "2023-01-21",
      "body_markdown": "半官半民の保険会社審査のお仕事、とても楽だと知人が言っていた。本当かなぁ"
    },
    {
      "author": "1s22s1",
      "created_at": "2023-01-21",
      "body_markdown": "https://shin-ultraman.jp/ を見ました。面白かったです。"
    },
    {
      "author": "1s22s1",
      "created_at": "2023-01-21",
      "body_markdown": "https://zenn.dev/shin_semiya/articles/0977e804fd0177"
    },
    {
      "author": "1s22s1",
      "created_at": "2023-01-21",
      "body_markdown": "https://www.youtube.com/watch?v=sH4scFiKWJk\n\nこれ面白い"
    },
    {
      "author": "1s22s1",
      "created_at": "2023-01-21",
      "body_markdown": "https://www.simplethread.com/20-things-ive-learned-in-my-20-years-as-a-software-engineer/"
    },
    {
      "author": "1s22s1",
      "created_at": "2023-01-21",
      "body_markdown": "https://scrapbox.io/sta/%E3%83%87%E3%82%A4%E3%83%AA%E3%83%BC%E3%81%AE%E9%80%B2%E6%8D%97%E5%A0%B1%E5%91%8A%E3%81%8C%E5%AB%8C%E3%81%84"
    },
    {
      "author": "1s22s1",
      "created_at": "2023-01-21",
      "body_markdown": "https://twitter.com/nagatotagan/status/1615687459429548032"
    },
    {
      "author": "1s22s1",
      "created_at": "2023-01-21",
      "body_markdown": "https://twitter.com/shinmaiweb/status/1616378542161526784\n\n良いね！！"
    },
    {
      "author": "1s22s1",
      "created_at": "2023-01-21",
      "body_markdown": "https://biochem-fan.hatenablog.com/entry/2023/01/04/202113\n\n私は、まだまだ未熟者です"
    },
    {
      "author": "1s22s1",
      "created_at": "2023-01-22",
      "body_markdown": "https://itbunkyo.com/"
    },
    {
      "author": "1s22s1",
      "created_at": "2023-01-23",
      "body_markdown": "https://www.youtube.com/watch?v=8oikcCNL_PE"
    },
    {
      "author": "1s22s1",
      "created_at": "2023-01-23",
      "body_markdown": "https://www.youtube.com/watch?v=LY-3nQVn29k"
    },
    {
      "author": "1s22s1",
      "created_at": "2023-01-25",
      "body_markdown": "https://www.amazon.co.jp/%E7%89%9F%E7%94%B0%E5%8F%A3%E5%BB%89%E4%B9%9F-%E3%80%8C%E6%84%9A%E5%B0%86%E3%80%8D%E3%81%AF%E3%81%84%E3%81%8B%E3%81%AB%E3%81%97%E3%81%A6%E7%94%9F%E3%81%BF%E5%87%BA%E3%81%95%E3%82%8C%E3%81%9F%E3%81%AE%E3%81%8B-%E6%98%9F%E6%B5%B7%E7%A4%BE%E6%96%B0%E6%9B%B8-%E5%BA%83%E4%B8%AD-%E4%B8%80%E6%88%90/dp/4065127289 を読み終わりました。"
    },
    {
      "author": "1s22s1",
      "created_at": "2023-01-25",
      "body_markdown": "https://www.youtube.com/watch?v=b7M1rtjS19Y"
    },
    {
      "author": "1s22s1",
      "created_at": "2023-01-25",
      "body_markdown": "https://www.youtube.com/watch?v=kiGe5kNB6Oo"
    },
    {
      "author": "1s22s1",
      "created_at": "2023-01-25",
      "body_markdown": "https://pohe.hatenablog.jp/entry/2020/05/03/030710"
    },
    {
      "author": "1s22s1",
      "created_at": "2023-01-25",
      "body_markdown": "https://qiita.com/drken/items/fd4e5e3630d0f5859067#3-hello-world-----practice-contest-a-%E5%95%8F%E9%A1%8C%E3%81%AE%E3%81%BF"
    },
    {
      "author": "1s22s1",
      "created_at": "2023-01-25",
      "body_markdown": "```julia\na = parse(Int, readline())\nbc = broadcast(n -> parse(Int, n), split(readline()))\ns = readline()\n\nprintln(\"$(a + bc[1] + bc[2]) $(s)\")\n```"
    },
    {
      "author": "1s22s1",
      "created_at": "2023-01-25",
      "body_markdown": "```julia\nab = readline()\na, b = broadcast(n -> parse(Int, n), split(ab))\n\nif((a * b) % 2 == 0)\n    println(\"Even\")\nelse\n    println(\"Odd\")\nend\n```"
    },
    {
      "author": "1s22s1",
      "created_at": "2023-01-25",
      "body_markdown": "```julia\ns3 = split(readline(), \"\")\nresult = length(filter(s -> s == \"1\", s3))\n\nprintln(result)\n```"
    },
    {
      "author": "1s22s1",
      "created_at": "2023-01-26",
      "body_markdown": "https://atcoder.jp/contests/abc200/tasks/abc200_b\n\n明日、以降。C問題を解くかは、出来によります。"
    },
    {
      "author": "1s22s1",
      "created_at": "2023-01-26",
      "body_markdown": "https://atcoder.jp/contests/abc200/tasks/abc200_b の最大値の厳密解を知りたいなぁ。"
    },
    {
      "author": "1s22s1",
      "created_at": "2023-01-26",
      "body_markdown": "- Juliaのglobalについて\n- JavaScriptの複雑度メトリクスについて\n- クラス変数の実例について(Rubyの標準ライブラリから確認する)"
    },
    {
      "author": "1s22s1",
      "created_at": "2023-01-26",
      "body_markdown": "https://kabumatome.doorblog.jp/archives/66004238.html"
    },
    {
      "author": "1s22s1",
      "created_at": "2023-01-26",
      "body_markdown": "https://twitter.com/investor4545/status/1604665887805837312"
    },
    {
      "author": "1s22s1",
      "created_at": "2023-01-26",
      "body_markdown": "https://undraw.co/illustrations"
    },
    {
      "author": "1s22s1",
      "created_at": "2023-01-26",
      "body_markdown": "https://twitter.com/MonoLogic1729/status/1618140516092383240"
    },
    {
      "author": "1s22s1",
      "created_at": "2023-01-26",
      "body_markdown": "https://twitter.com/kellyangyang/status/1618432400027176961"
    },
    {
      "author": "1s22s1",
      "created_at": "2023-01-26",
      "body_markdown": "https://www.youtube.com/watch?v=hlvnE6FHoHY"
    },
    {
      "author": "1s22s1",
      "created_at": "2023-01-26",
      "body_markdown": "https://www.youtube.com/watch?v=5gSudMeImqA"
    },
    {
      "author": "1s22s1",
      "created_at": "2023-01-28",
      "body_markdown": "https://www.youtube.com/watch?v=Lc3mc_5bgoE"
    },
    {
      "author": "1s22s1",
      "created_at": "2023-01-29",
      "body_markdown": "https://www.youtube.com/watch?v=ttMHAh_ykLM"
    },
    {
      "author": "1s22s1",
      "created_at": "2023-01-29",
      "body_markdown": "https://note.com/makaibito/n/n5741f96ddfaf"
    },
    {
      "author": "1s22s1",
      "created_at": "2023-01-29",
      "body_markdown": "https://twitter.com/Franchise_Matsu/status/1618586282967597056"
    },
    {
      "author": "1s22s1",
      "created_at": "2023-01-29",
      "body_markdown": "https://zenn.dev/ynakamura/articles/d30ee1cb6f3a15"
    },
    {
      "author": "1s22s1",
      "created_at": "2023-01-29",
      "body_markdown": "https://www.youtube.com/watch?v=N1FmGy5aSqw"
    },
    {
      "author": "1s22s1",
      "created_at": "2023-01-29",
      "body_markdown": "https://twitter.com/vanmadoy/status/1619147800662671360"
    },
    {
      "author": "1s22s1",
      "created_at": "2023-01-29",
      "body_markdown": "https://www.youtube.com/watch?v=jNRb5CppCIQ"
    },
    {
      "author": "1s22s1",
      "created_at": "2023-01-29",
      "body_markdown": "寿司に牛乳があう！！"
    }
  ]
}